{"recall@1": 1.0, "recall@10": 1.0, "qps": 13.681577181329741, "p50_latency": 0.07309098846912385, "p95_latency": 0.08040008731603623, "index_size_mb": 179.90149021148682, "ram_mb": 18.86328125}