{"recall@1": 0.0, "recall@10": 0.0, "qps": 4504.78843420865, "p50_latency": 0.0002219860076904297, "p95_latency": 0.0002441846084594727, "index_size_mb": 367.83555793762207, "ram_mb": 3.30078125}