{"recall@1": 0.0, "recall@10": 0.0, "qps": 23401.169862102674, "p50_latency": 4.2732906341552736e-05, "p95_latency": 4.700619697570801e-05, "index_size_mb": 367.83555698394775, "ram_mb": 3.19140625}