{"recall@1": 0.0, "recall@10": 0.0, "qps": 7346.313097698532, "p50_latency": 0.0001361227035522461, "p95_latency": 0.00014973497390747073, "index_size_mb": 367.83555698394775, "ram_mb": 3.29296875}