{"recall@1": 0.7772, "recall@10": 0.73635, "qps": 445.2001140920397, "p50_latency": 0.0022461809158325196, "p95_latency": 0.0024707990074157716, "index_size_mb": 180.7440414428711, "ram_mb": 63.77734375}