{"recall@1": 0.9564, "recall@10": 0.9322400000000002, "qps": 513.1555081886967, "p50_latency": 0.001948727011680603, "p95_latency": 0.0021435997128486633, "index_size_mb": 181.2109613418579, "ram_mb": 49.515625}