{"recall@1": 1.0, "recall@10": 0.9997799999999999, "qps": 29.139133796302406, "p50_latency": 0.03431811003684997, "p95_latency": 0.03774992104053498, "index_size_mb": 181.20250129699707, "ram_mb": 10.51953125}