{"recall@1": 0.9909, "recall@10": 0.98164, "qps": 234.1129981424251, "p50_latency": 0.0042714416027069095, "p95_latency": 0.004698585762977601, "index_size_mb": 181.2109613418579, "ram_mb": 107.06640625}