{"recall@1": 0.665, "recall@10": 0.59655, "qps": 3492.784225950938, "p50_latency": 0.0002863045454025269, "p95_latency": 0.00031493499994277957, "index_size_mb": 181.2109613418579, "ram_mb": 32.9296875}