{"recall@1": 0.9999, "recall@10": 0.99934, "qps": 28.61341858013221, "p50_latency": 0.03494863772392273, "p95_latency": 0.03844350149631501, "index_size_mb": 180.7440423965454, "ram_mb": 12.28515625}