{"recall@1": 0.7238, "recall@10": 0.66405, "qps": 1255.6293787237498, "p50_latency": 0.0007964133501052856, "p95_latency": 0.0008760546851158143, "index_size_mb": 180.8996820449829, "ram_mb": 37.52734375}