{"recall@1": 0.9994, "recall@10": 0.99839, "qps": 50.93178941683719, "p50_latency": 0.01963410301208496, "p95_latency": 0.02159751331329346, "index_size_mb": 181.1939868927002, "ram_mb": 309.6953125}