{"recall@1": 0.9999, "recall@10": 0.9999600000000001, "qps": 15.831486268285692, "p50_latency": 0.06316526339054107, "p95_latency": 0.06948178972959518, "index_size_mb": 180.7440423965454, "ram_mb": 13.01171875}