{"recall@1": 1.0, "recall@10": 0.9997699999999999, "qps": 31.35844924535085, "p50_latency": 0.03188933203220368, "p95_latency": 0.035078265235424046, "index_size_mb": 180.89968299865723, "ram_mb": 11.69921875}