{"recall@1": 0.9701, "recall@10": 0.95647, "qps": 240.3040931586287, "p50_latency": 0.00416139395236969, "p95_latency": 0.0045775333476066596, "index_size_mb": 180.8996820449829, "ram_mb": 101.31640625}