{"recall@1": 0.9998, "recall@10": 0.99918, "qps": 54.20301012420104, "p50_latency": 0.01844915988445282, "p95_latency": 0.020294075872898103, "index_size_mb": 181.21096229553223, "ram_mb": 331.5859375}