{"recall@1": 0.7194, "recall@10": 0.6670200000000001, "qps": 1207.5611804647115, "p50_latency": 0.0008281153917312622, "p95_latency": 0.0009109269309043885, "index_size_mb": 181.1945276260376, "ram_mb": 38.58203125}