{"recall@1": 0.9979, "recall@10": 0.9957, "qps": 119.34678380329534, "p50_latency": 0.008378943848609923, "p95_latency": 0.009216838233470916, "index_size_mb": 181.21096229553223, "ram_mb": 168.9453125}