{"recall@1": 0.9979, "recall@10": 0.9949, "qps": 1.045632450258054, "p50_latency": 0.9563589956998825, "p95_latency": 1.0519948952698708, "index_size_mb": 180.7440414428711, "ram_mb": 313.60546875}