{"recall@1": 0.9993, "recall@10": 0.99792, "qps": 59.98985864418712, "p50_latency": 0.016669484186172485, "p95_latency": 0.018336432604789735, "index_size_mb": 180.89968299865723, "ram_mb": 309.01171875}