{"recall@1": 0.9719, "recall@10": 0.9597700000000001, "qps": 238.18067503461063, "p50_latency": 0.004198493432998657, "p95_latency": 0.004618342776298523, "index_size_mb": 181.19864749908447, "ram_mb": 100.3359375}