{"recall@1": 0.9944, "recall@10": 0.9885200000000001, "qps": 117.38411132914221, "p50_latency": 0.008519040513038634, "p95_latency": 0.009370944564342499, "index_size_mb": 180.8996820449829, "ram_mb": 241.83984375}