{"recall@1": 0.9826, "recall@10": 0.9725800000000001, "qps": 96.34005285286104, "p50_latency": 0.010379898810386657, "p95_latency": 0.011417888691425324, "index_size_mb": 180.7440414428711, "ram_mb": 207.96875}